customer_idx,churn_proba,feature,causal_validity,llm_verdict,reasoning,enhanced_action,priority_action,churn_reduction_est,retention_narrative
11506,0.9250351628640298,monthsinservice,mediator,approve,The impact of months in service on churn is significant and can be leveraged through loyalty tier programs.,Enroll customers in a loyalty tier program with milestone rewards based on their tenure.,monthsinservice,high,"By focusing on retaining our longest-serving customers through loyalty tier programs and ensuring they have stable revenue, we can significantly reduce churn and build stronger, more loyal relationships."
11506,0.9250351628640298,droppedcalls,symptom,approve,Addressing dropped calls directly addresses a symptom of poor service quality which can lead to customer dissatisfaction.,Offer a free call protection plan to reduce dropped calls.,monthsinservice,high,"By focusing on retaining our longest-serving customers through loyalty tier programs and ensuring they have stable revenue, we can significantly reduce churn and build stronger, more loyal relationships."
11506,0.9250351628640298,percchangerevenues,mediator,approve,Maintaining revenue stability is crucial as it mitigates financial stress for customers.,Offer a loyalty reward tied to maintaining current spend to stabilize revenue.,monthsinservice,high,"By focusing on retaining our longest-serving customers through loyalty tier programs and ensuring they have stable revenue, we can significantly reduce churn and build stronger, more loyal relationships."
11506,0.9250351628640298,monthlyminutes,symptom,approve,Increasing minutes can improve customer satisfaction and engagement.,Offer a free minutes bundle to re-engage usage and boost minutes consumption.,monthsinservice,high,"By focusing on retaining our longest-serving customers through loyalty tier programs and ensuring they have stable revenue, we can significantly reduce churn and build stronger, more loyal relationships."
5355,0.9003130898002374,monthsinservice,root_cause,approve,The causal story indicates that longer tenure is a key factor in churn.,Offer loyalty programs or discounts for customers with high tenure.,Offer loyalty programs or discounts for customers with high tenure,high,"By focusing on retaining our most loyal customers through enhanced loyalty programs and discounts, we can significantly reduce churn rates and maintain customer satisfaction."
5355,0.9003130898002374,droppedcalls,symptom,approve,Dropped calls can be a symptom of underlying issues like network problems.,Investigate and resolve network issues causing dropped calls.,Offer loyalty programs or discounts for customers with high tenure,high,"By focusing on retaining our most loyal customers through enhanced loyalty programs and discounts, we can significantly reduce churn rates and maintain customer satisfaction."
5355,0.9003130898002374,monthlyrevenue,mediator,approve,Declining revenue can indirectly lead to churn through reduced customer satisfaction.,Implement targeted marketing campaigns to boost revenue.,Offer loyalty programs or discounts for customers with high tenure,high,"By focusing on retaining our most loyal customers through enhanced loyalty programs and discounts, we can significantly reduce churn rates and maintain customer satisfaction."
5355,0.9003130898002374,percchangeminutes,symptom,,Changing minutes can be a symptom of customer dissatisfaction.,Offer flexible plans to address minute changes without immediate churn.,Offer loyalty programs or discounts for customers with high tenure,high,"By focusing on retaining our most loyal customers through enhanced loyalty programs and discounts, we can significantly reduce churn rates and maintain customer satisfaction."
14860,0.8818278946275218,monthlyrevenue,root_cause,approve,Boosting revenue directly impacts customer satisfaction and reduces churn.,Offer bundled services or discounts to increase revenue.,monthlyrevenue | Offer bundled services or discounts to increase revenue.,high,"By boosting monthly revenue through strategic offers, we address the root cause of churn, ensuring our valued customers remain loyal and satisfied, thereby significantly reducing their likelihood of leaving."
14860,0.8818278946275218,percchangeminutes,mediator,approve,Improving minute usage can indirectly affect churn through better customer engagement.,Implement a free minutes bundle to encourage usage.,monthlyrevenue | Offer bundled services or discounts to increase revenue.,high,"By boosting monthly revenue through strategic offers, we address the root cause of churn, ensuring our valued customers remain loyal and satisfied, thereby significantly reducing their likelihood of leaving."
14860,0.8818278946275218,monthsinservice,symptom,approve,Loyalty programs can positively influence customer retention.,Enroll customers in a loyalty tier with rewards.,monthlyrevenue | Offer bundled services or discounts to increase revenue.,high,"By boosting monthly revenue through strategic offers, we address the root cause of churn, ensuring our valued customers remain loyal and satisfied, thereby significantly reducing their likelihood of leaving."
14860,0.8818278946275218,droppedcalls,symptom,approve,Addressing dropped calls improves customer satisfaction and reduces churn.,Provide better network coverage or improve call quality.,monthlyrevenue | Offer bundled services or discounts to increase revenue.,high,"By boosting monthly revenue through strategic offers, we address the root cause of churn, ensuring our valued customers remain loyal and satisfied, thereby significantly reducing their likelihood of leaving."
3690,0.8796645412006366,monthsinservice,root_cause,approve,The causal story indicates that longer tenure is a key factor in churn.,Offer personalized loyalty programs for long-term customers.,Offer personalized loyalty programs for long-term customers,high,"By focusing on retaining our longest-serving customers through personalized loyalty programs, we can significantly reduce churn rates and build stronger, more loyal relationships with our most valuable customers."
3690,0.8796645412006366,droppedcalls,symptom,approve,Dropped calls can be a symptom of underlying issues like network problems or equipment failure.,Implement proactive monitoring and repair services for high dropped call customers.,Offer personalized loyalty programs for long-term customers,high,"By focusing on retaining our longest-serving customers through personalized loyalty programs, we can significantly reduce churn rates and build stronger, more loyal relationships with our most valuable customers."
3690,0.8796645412006366,percchangeminutes,mediator,approve,Declining minutes usage could be a mediator between revenue changes and churn.,Launch targeted campaigns to retain customers with declining usage patterns.,Offer personalized loyalty programs for long-term customers,high,"By focusing on retaining our longest-serving customers through personalized loyalty programs, we can significantly reduce churn rates and build stronger, more loyal relationships with our most valuable customers."
3690,0.8796645412006366,monthlyrevenue,root_cause,approve,Revenue decline directly impacts customer satisfaction and retention.,Provide financial incentives or discounts to customers experiencing revenue drops.,Offer personalized loyalty programs for long-term customers,high,"By focusing on retaining our longest-serving customers through personalized loyalty programs, we can significantly reduce churn rates and build stronger, more loyal relationships with our most valuable customers."
8961,0.8608840608436157,monthsinservice,root_cause,approve,The causal story indicates that longer tenure is a key factor in churn.,Offer loyalty rewards or discounts for customers with high tenure.,Offer loyalty rewards or discounts for customers with high tenure.,high,"By focusing on retaining our loyal customers through enhanced loyalty programs and addressing their concerns about declining revenue, we can significantly reduce churn rates and strengthen our customer base."
8961,0.8608840608436157,droppedcalls,symptom,approve,Dropped calls are a symptom of underlying issues like network quality or equipment problems.,Implement network optimization and provide free handset upgrades to reduce dropped calls.,Offer loyalty rewards or discounts for customers with high tenure.,high,"By focusing on retaining our loyal customers through enhanced loyalty programs and addressing their concerns about declining revenue, we can significantly reduce churn rates and strengthen our customer base."
8961,0.8608840608436157,percchangeminutes,mediator,approve,Declining minutes usage could be a mediator between revenue changes and churn.,Offer promotions or incentives to retain customers with decreasing usage.,Offer loyalty rewards or discounts for customers with high tenure.,high,"By focusing on retaining our loyal customers through enhanced loyalty programs and addressing their concerns about declining revenue, we can significantly reduce churn rates and strengthen our customer base."
8961,0.8608840608436157,monthlyrevenue,root_cause,approve,Revenue decline directly impacts customer satisfaction and retention.,Implement targeted marketing campaigns to boost revenue from existing customers.,Offer loyalty rewards or discounts for customers with high tenure.,high,"By focusing on retaining our loyal customers through enhanced loyalty programs and addressing their concerns about declining revenue, we can significantly reduce churn rates and strengthen our customer base."
